-0.081099965,0,1.5058165
-0.088579565,0,1.4289535
-0.07985336,0,1.520695
-0.06660823,0,1.6097624
-0.020328188,0,1.7797964
-0.06286843,0,1.7133048
-0.08982617,0,1.416787
-0.055077177,0,1.7079943
-0.06364755,0,1.6736761
0.0075644962,0,1.5937105
-0.06193348,0,1.6782402
-0.07860676,0,1.5582476
-0.08219074,0,1.505463
-0.060531054,0,1.7150277
0.020497976,0,1.4217807
-0.06442668,0,1.7107589
-0.06224513,0,1.7135758
-0.07019221,0,1.6245079
-0.06349173,0,1.6922559
-0.01970489,0,1.765565
-0.06723153,0,1.6635252
0.32747337,0,-12.626585
0.048234835,0,1.0173796
-0.06068688,0,1.6357799
-0.003654908,0,1.6109971
-0.043078646,0,1.7132932
-0.080476664,0,1.5028292
-0.051337376,0,1.6736647
-0.07580191,0,1.5283722
-0.03170342,0,1.6813544
-0.072529584,0,1.4970628
-0.064270854,0,1.5873762
-0.09309849,0,1.3688318
-0.059751928,0,1.6600947
-0.05803785,0,1.6604688
-0.07860676,0,1.5564109
-0.11631642,0,1.0408831
-0.07564609,0,1.6200138
-0.08842374,0,1.4619043
-0.06707571,0,1.6813884
-0.07845093,0,1.6119815
-0.061154354,0,1.7024668
-0.07626939,0,1.6032467
-0.057102904,0,1.7142485
-0.07923006,0,1.5184569
-0.025470415,0,1.8029654
-0.08296986,0,1.5634316
-0.07580191,0,1.634694
-0.07891841,0,1.5978996
-0.08561889,0,1.51436
0.03966446,0,1.114865
-0.07611356,0,1.5826763
-0.06286843,0,1.7403091
-0.061466005,0,1.6667567
-0.096370816,0,1.3165544
-0.018614113,0,1.7014371
-0.033105843,0,1.7203575
-0.056479603,0,1.7389612
-0.057726204,0,1.633113
-0.06707571,0,1.6770841
0.009590222,0,1.5662642
35.710514,1,-46522.992
32.21863,1,-559.0646
90.95455,1,-31236.822
-0.12956156,0,0.820872
-0.06068688,0,1.7915424
0.16385703,0,0.024383692
-0.08437229,0,-0.8423041
-0.057102904,0,0.22019686
-0.080788314,0,0.09058938
0.03234068,0,-0.6546877
-0.08998199,0,0.13333964
-0.06941308,0,0.47017142
0.08828188,0,-1.0781276
-0.06349173,0,-0.086529166
-0.09824072,0,1.4115485
-0.07860676,0,1.1363401
-0.080320835,0,1.1385024
-0.066140756,0,1.3720219
-0.08234656,0,1.8329164
0.094670705,0,0.725426
-0.06988056,0,0.41016537
-0.055544652,0,0.40479478
-0.05367475,0,0.9770587
-0.0633359,0,1.8507869
-0.014251011,0,1.3959618
-0.087332964,0,1.0843729
-0.0583495,0,0.7839471
-0.071750455,0,1.2055522
-0.06972473,0,0.8715519
-0.13221058,0,0.7130554
-0.074399486,0,0.64917344
-0.10385042,0,1.2274034
-0.065205805,0,1.1364981
-0.102603815,0,1.576243
-0.074399486,0,1.0968215
0.23740646,0,-0.30052337
-0.08312569,0,-0.9624027
-0.04354612,0,0.096466705
0.05446784,0,0.44081956
0.065063946,0,-1.4044746
-0.07190628,0,0.10954643
-0.06504998,0,-0.5823464
-0.07533444,0,-0.971947
-0.06910143,0,-0.65703887
0.02922418,0,0.16898717
-0.07611356,0,-1.3457935
-0.1180305,0,0.2699352
0.14967695,0,-0.05525091
-0.06878978,0,0.67090297
0.04122271,0,0.5148608
-0.09341014,0,1.8644192
-0.072217934,0,1.1889131
-0.072841235,0,0.8230629
-0.056791253,0,-0.33284324
-0.060842704,0,1.3984004
-0.06318008,0,-0.17990832
-0.0639592,0,0.26511472
-0.0639592,0,1.4692346
-0.06941308,0,0.64457273
-0.0016291821,0,0.23728146
-0.079385884,0,-0.043943327
-0.073464535,0,-0.80867684
0.2961525,0,-0.6452521
-0.027340317,0,0.5153612
-0.07798346,0,0.55163217
-0.07362036,0,1.6853362
-0.058816977,0,1.2199196
-0.061777655,0,-0.2192245
-0.10509702,0,0.75930315
0.050104737,0,0.28299588
-0.07112716,0,0.45967928
-0.07580191,0,-0.18650068
-0.103382945,0,0.9535085
-0.08359316,0,0.73106813
-0.012692762,0,0.6936628
-0.07050386,0,1.0639203
-0.07611356,0,0.9431865
-0.06442668,0,0.24327911
-0.103227116,0,0.11475874
0.0035130447,0,0.82031256
-0.06769901,0,0.262111
-0.07034803,0,0.496653
-0.06349173,0,0.7505944
0.04683241,0,1.2828884
0.03701543,0,-0.48157948
-0.06660823,0,0.15647101
-0.072529584,0,1.3486984
-0.0627126,0,1.6148131
-0.06318008,0,0.2554336
0.016134875,0,0.22103985
-0.08219074,0,1.4048908
-0.011134511,0,1.4265972
-0.073776186,0,1.1685076
-0.06162183,0,0.97311354
0.024237778,0,0.9738481
-0.10447372,0,1.2728148
-0.10026644,0,0.20914578
-0.07019221,0,-0.8843255
-0.08437229,0,0.94975877
0.061479967,0,0.452079
-0.071750455,0,0.37845004
-0.079385884,0,0.8036362
-0.07097133,0,0.780941
-0.07190628,0,0.49832416
-0.0471301,0,-1.1223223
-0.06286843,0,-0.7177892
-0.0627126,0,0.68711907
-0.08670966,0,0.63494974
-0.08655384,0,0.9885578
-0.06255678,0,1.2393626
-0.06801066,0,1.4492114
-0.059440278,0,0.98933214
-0.09169607,0,0.5214825
-0.055233,0,-0.04332325
0.0865678,0,0.68401724
-0.06131018,0,1.1350143
-0.06349173,0,1.222885
-0.0546097,0,0.7615159
-0.061466005,0,0.726312
0.01660235,0,0.7622916
-0.059907753,0,0.004641741
-0.080788314,0,0.11418516
-0.072529584,0,1.4802642
-0.0639592,0,1.5201856
0.029691655,0,1.2783318
-0.06972473,0,1.5260379
-0.06504998,0,1.6135249
-0.07471114,0,1.5564462
-0.03980632,0,1.6203961
-0.08359316,0,1.4465244
-0.055544652,0,1.6299049
-0.059128627,0,1.5808498
-0.054453876,0,1.6441
-0.0458835,0,1.6971232
0.03140573,0,1.2673244
-0.08219074,0,1.5015864
-0.048376698,0,1.6197069
-0.06255678,0,1.6108899
-0.011757811,0,1.6340045
0.014420799,0,1.4771585
-0.051337376,0,1.6265938
-0.06068688,0,1.5791162
-0.072373755,0,1.545108
-0.043390296,0,1.6492879
0.01784895,0,1.4096767
0.109006606,0,-0.17944907
-0.06910143,0,1.5092379
-0.059751928,0,1.5336605
-0.06380338,0,1.5224677
0.026575154,0,1.3360714
-0.06302425,0,1.4890411
-0.056791253,0,1.5641694
-0.065829106,0,1.4948804
-0.081255786,0,1.3897613
0.050883863,0,1.0623419
-0.08530724,0,1.4178823
-0.079385884,0,1.4483726
-0.06068688,0,1.6445894
-0.06629658,0,1.5924933
0.04465086,0,1.068109
-0.048844174,0,1.6509498
0.19206136,0,-3.2071462
-0.056791253,0,1.5872871
0.029068355,0,1.2967546
0.022367876,0,1.3516567
0.045429986,0,1.1116117
-0.06006358,0,1.5303507
0.039508633,0,1.1514007
-0.06832231,0,1.4386853
0.0049154703,0,1.4795479
-0.059440278,0,1.5596168
-0.040585447,0,1.5553855
-0.052895624,0,1.5913669
-0.07549026,0,1.4473836
-0.009420435,0,1.5069935
-0.06224513,0,1.5112363
-0.06707571,0,1.5163956
-0.060531054,0,1.552794
-0.047753397,0,1.6189643
0.015823225,0,1.4364768
-0.059751928,0,1.5395198
-0.05694708,0,1.5677452
-0.06738736,0,1.5583562
-0.071438804,0,1.5730237
0.013330024,0,1.4603201
-0.07751598,0,1.4977546
-0.072841235,0,1.5130906
-0.09870819,0,1.2928948
-0.060842704,0,1.5902282
-0.0020966574,0,1.5587641
-0.003966558,0,1.6103054
-0.09886402,0,1.3022243
-0.06193348,0,1.6225064
-0.06910143,0,1.5398686
0.039820284,0,1.2186338
-0.09044947,0,1.3359326
-0.0583495,0,1.5398905
-0.056479603,0,1.6299305
-0.052116502,0,1.5619446
0.047923185,0,1.0832233
-0.058972802,0,1.5359789
-0.058505327,0,1.5918288
-0.07455531,0,1.4841743
-0.010978686,0,1.6319818
-0.21807018,1,-1.2844262
-0.21807018,1,-1.3142743
-0.21807018,1,-1.3716004
-0.21807018,1,-1.3400034
2.6603303,0,-376.77014
-0.08483976,0,1.1650243
-0.03980632,0,1.1958222
-0.033105843,0,1.2004246
-0.041676223,0,1.1428494
-0.10727857,0,0.960682
-0.059128627,0,0.91936404
-0.07845093,0,1.0789709
-0.07720433,0,0.78239554
-0.032015067,0,0.89049655
-0.051025726,0,0.8652691
-0.0019408322,0,1.1252602
-0.06224513,0,1.179631
-0.062089305,0,0.9682565
-0.040741272,0,1.2160522
-0.04229952,0,1.2258865
0.020965451,0,1.1810412
-0.08982617,0,0.9984031
-0.054765526,0,1.2020992
-0.059907753,0,1.3785033
-0.06162183,0,1.0940058
0.095294006,0,0.6616201
-0.060531054,0,1.0281688
-0.055077177,0,1.0396402
-0.096059166,0,1.1880567
-0.05694708,0,1.3119532
-0.0020966574,0,1.0784758
-0.0583495,0,1.3971813
-0.06473833,0,0.8626657
-0.0583495,0,1.1816934
-0.06910143,0,0.982186
0.0024222694,0,1.2906561
-0.05180485,0,1.0945202
-0.054765526,0,1.0868056
-0.05492135,0,0.7574247
-0.013004411,0,1.088253
0.005850421,0,1.2880446
-0.059284452,0,0.7035582
-0.062400956,0,1.3294389
-0.0639592,0,1.0005466
-0.059128627,0,1.2055862
-0.011446161,0,1.1150951
-0.0514932,0,1.1614702
-0.041052923,0,1.4069576
-0.09091694,0,0.79965454
-0.061154354,0,1.2983638
-0.029210217,0,1.1247009
-0.058816977,0,0.9483174
-0.06676406,0,1.0852882
-0.06707571,0,1.2154921
-0.061466005,0,1.0983853
-0.01939324,0,1.3583386
-0.066140756,0,1.272171
-0.07689268,0,0.99330735
-0.06941308,0,1.0977519
-0.060531054,0,1.0963172
-0.023288865,0,1.1434048
-0.06691988,0,1.2179008
-0.054453876,0,1.1340497
-0.05055825,0,1.0753629
-0.07003638,0,1.0910307
-0.032950018,0,1.091665
-0.06193348,0,1.0952028
-0.061777655,0,1.2120382
0.014888274,0,1.1281424
-0.061154354,0,1.1596484
0.006473721,0,1.0456936
0.031249905,0,1.0501714
-0.08312569,0,1.0619816
-0.056012128,0,1.1017662
-0.06193348,0,1.125343
-0.055388827,0,1.1232975
-0.08312569,0,0.69500977
-0.06068688,0,1.066424
-0.06224513,0,1.1086519
-0.06162183,0,1.1532071
-0.06364755,0,1.2466215
-0.047753397,0,1.2200404
-0.056167953,0,1.3525251
-0.06801066,0,1.3775042
0.11212311,0,0.46643636
-0.015497612,0,1.2256736
-0.020951489,0,1.1147437
-0.10042227,0,1.0589283
-0.08670966,0,0.74409044
-0.047909223,0,0.95934063
-0.060842704,0,1.2708123
0.042936783,0,1.0566405
-0.026405366,0,1.1817684
-0.095903344,0,1.1176736
-0.06660823,0,1.1496813
-0.07720433,0,1.2173984
-0.07065968,0,1.3912237
-0.05757038,0,0.98612106
-0.12145865,0,0.8593691
-0.06645241,0,1.2141358
-0.060842704,0,1.2431597
0.04371591,0,0.9958772
-0.0546097,0,1.5016128
-0.065673284,0,1.2481236
-0.07767181,0,1.2331977
-0.050402425,0,0.9947988
-0.064582504,0,1.0754199
-0.07533444,0,0.88871443
-0.059596103,0,1.1967494
-0.048844174,0,0.88951886
-0.059596103,0,0.8081749
0.032496504,0,1.1839645
-0.080476664,0,1.2162235
-0.062089305,0,1.2692384
0.26218265,0,-3.8348815
-0.065361634,0,1.1644671
-0.12067953,0,0.80616456
-0.06801066,0,0.9481827
-0.08639801,0,1.2071637
-0.038403895,0,1.0991945
-0.07704851,0,1.2723379
0.054935314,0,0.89703006
-0.060531054,0,1.0402644
-0.06442668,0,0.9226659
-0.02313304,0,1.6862628
-0.06832231,0,1.5712204
-0.061154354,0,1.6435921
-0.080788314,0,1.5052435
-0.095591694,0,1.3322664
-0.059596103,0,1.6808461
-0.08951452,0,1.3995049
0.055558614,0,0.94356376
-0.06473833,0,1.6133277
-0.06037523,0,1.6653733
-0.04323447,0,1.7003992
-0.057102904,0,1.6722997
0.06833627,0,0.6858091
-0.071438804,0,1.5544956
-0.03357332,0,1.6982095
-0.051960677,0,1.6715224
-0.065361634,0,1.5700959
-0.21807018,1,-1.7653409
-0.21807018,1,-1.421223
-0.21807018,1,-1.4033676
-0.07471114,0,1.5281187
-0.08187909,0,1.5184336
0.23943219,1,-6.1311417
51.081875,1,-104005.34
46.43299,1,-409.52484
62.304863,1,-24475.303
-0.053518925,0,0.26288426
0.06568724,0,0.98634094
-0.05725873,0,0.21971634
-0.072841235,0,-0.03566918
-0.04619515,0,-0.6403601
0.101838656,0,0.6375152
-0.07704851,0,-0.58350074
-0.032482542,0,-0.33959523
-0.087332964,0,-0.20542395
-0.12254943,0,-0.53562045
-0.10665527,0,-0.6515189
0.17585556,0,-0.57713586
-0.034664094,0,1.5260919
-0.05663543,0,1.7146949
-0.07720433,0,1.1115811
0.123965815,0,-10.539788
-0.062089305,0,0.93179196
-0.06473833,0,0.7213865
-0.09964314,0,0.35793093
-0.060531054,0,0.94427234
-0.031080117,0,1.6016375
-0.03357332,0,1.5229564
-0.08374899,0,1.1161294
-0.065673284,0,0.7013442
-0.087956265,0,1.1782997
0.12599154,0,0.069218
-0.06099853,0,1.0224733
-0.016120913,0,0.8445625
-0.07580191,0,1.8360747
-0.06878978,0,0.654188
-0.07845093,0,0.036381606
0.11321388,0,0.17994681
-0.064582504,0,0.6352552
0.0028897445,0,-0.6562826
0.1462488,0,-0.0035090966
-0.0006942318,0,-1.1400505
-0.054765526,0,-1.1980338
0.20219,0,0.09620647
-0.07829511,0,-0.60244495
-0.031235943,0,-1.0489804
-0.052428152,0,-0.5014375
0.06677802,0,-0.4745833
-0.07533444,0,-1.7004594
-0.050402425,0,0.11162426
-0.065517455,0,0.20804958
-0.0533631,0,-0.008033743
0.07597169,0,0.054865077
-0.050402425,0,1.9236503
-0.08406064,0,1.2534977
0.038573682,0,-0.059991267
-0.057414554,0,0.32427844
0.039196983,0,0.6694351
-0.06910143,0,-0.4868034
-0.06006358,0,0.8366156
-0.08328151,0,1.6832138
-0.09979897,0,0.92124134
-0.06364755,0,0.45260912
0.085788675,0,0.21881168
-0.07393201,0,-0.5171325
-0.06910143,0,0.051105414
-0.074399486,0,0.96621907
-0.071750455,0,1.1294042
0.0024222694,0,1.6816045
-0.039650496,0,1.2274661
-0.06442668,0,-0.8258711
-0.05367475,0,0.76869994
-0.074399486,0,0.5560585
-0.064894155,0,1.0725515
-0.07891841,0,-1.011115
-0.07533444,0,-0.15876344
-0.079074234,0,0.5328973
0.0741018,0,0.5387121
-0.07081551,0,1.2523947
-0.06691988,0,0.59254616
-0.07782763,0,0.2477344
-0.07549026,0,-0.12614773
-0.088112086,0,0.32426888
-0.09060529,0,0.14129774
-0.03793642,0,0.6486829
-0.06645241,0,0.57854825
-0.079697534,0,1.4757742
0.025640203,0,0.81787163
-0.07097133,0,0.19974205
-0.09060529,0,0.43508255
-0.07923006,0,1.0946645
-0.07533444,0,0.04827869
-0.109927595,0,1.0333897
-0.07954171,0,0.8187738
-0.07736016,0,1.15107
-0.074087836,0,0.98411477
-0.07362036,0,0.92446315
0.027510103,0,0.87954026
-0.079074234,0,0.7418458
-0.09076112,0,-0.111098714
-0.072841235,0,-1.0878484
-0.080788314,0,1.0340588
-0.033729143,0,1.2852821
-0.05725873,0,0.15598933
0.16011722,0,-0.7854863
-0.07720433,0,0.37044856
-0.07845093,0,-0.7660948
0.043871734,0,-1.0592649
0.04402756,0,-0.11507962
0.042780958,0,-0.6169012
-0.08437229,0,1.2314723
0.036080483,0,0.9789871
-0.08406064,0,1.0995634
-0.013627712,0,1.5691915
-0.08374899,0,0.60341585
-0.0539864,0,0.54436934
-0.081099965,0,0.018782014
0.0055387705,0,0.2891228
-0.094812565,0,0.8270603
-0.07019221,0,0.9411395
-0.09886402,0,1.1080937
-0.039962146,0,0.6435088
0.079555675,0,0.46383488
-0.03544322,0,-0.051091235
-0.064894155,0,0.14243992
0.05103969,0,1.015499
0.11757699,0,-0.02690622
0.07425762,0,0.67574567
-0.06411503,0,1.4258822
0.05244211,0,0.99407977
-0.06645241,0,1.3875812
0.04558581,0,1.1106799
-0.08016501,0,1.3224434
-0.016432563,0,1.5147141
-0.06676406,0,1.318108
-0.059128627,0,1.4977502
-0.07564609,0,1.3132277
0.029691655,0,1.2111856
-0.07424366,0,1.3886015
-0.055388827,0,1.4599495
-0.08437229,0,1.3225
-0.06006358,0,1.5106742
-0.06349173,0,1.4919438
-0.05725873,0,1.4701633
-0.06878978,0,1.446294
-0.06224513,0,1.5098041
-0.07003638,0,1.4367753
0.009434397,0,1.5053647
-0.07813928,0,1.3390728
-0.027340317,0,1.5863934
-0.07798346,0,1.4357455
-0.07720433,0,1.4747345
-0.06255678,0,1.493299
-0.0030316077,0,1.5529028
-0.07471114,0,1.448638
-0.04619515,0,1.5680331
-0.07424366,0,1.404693
0.02221205,0,1.3547133
-0.08499559,0,1.2975223
-0.07486696,0,1.3858466
-0.096526645,0,1.2278794
-0.037468944,0,1.5942484
-0.09917567,0,1.2421619
-0.06941308,0,1.5428538
-0.08904704,0,1.3520626
-0.06660823,0,1.585029
-0.07564609,0,1.4937192
0.008499446,0,1.5377634
-0.102915466,0,1.2483654
-0.0639592,0,1.5737885
-0.09901984,0,1.2604955
-0.06504998,0,1.579591
-0.038403895,0,1.6910903
-0.06972473,0,1.5924623
-0.08561889,0,1.4443278
-0.05429805,0,1.6685289
-0.089202866,0,1.4085407
0.008031972,0,1.5300958
-0.08546306,0,1.4196246
-0.057726204,0,1.6737409
-0.08530724,0,1.4436293
-0.055856302,0,1.6221546
0.006317896,0,1.57435
-0.033105843,0,1.7188215
-0.05180485,0,1.6827291
-0.026405366,0,1.735401
0.044806685,0,1.1062845
0.04028776,0,1.1728057
-0.03762477,0,1.627024
-0.07782763,0,1.4524367
-0.047753397,0,1.6041578
-0.04993495,0,1.6389761
0.07799742,0,0.5385869
0.0025780944,0,1.5104039
-0.052895624,0,1.5687472
-0.09917567,0,1.307517
-0.06411503,0,1.5656872
0.008187796,0,1.4868718
-0.06255678,0,1.5759062
-0.080320835,0,1.4755807
-0.056012128,0,1.622207
-0.05788203,0,1.6178594
0.046520762,0,1.0697173
-0.060531054,0,1.6195066
-0.058972802,0,1.6382605
-0.06723153,0,1.5745342
-0.058193676,0,1.6175371
0.013018373,0,1.4670893
-0.060219403,0,1.5925372
-0.06068688,0,1.5327698
-0.051649027,0,1.5399448
-0.05725873,0,1.569403
0.014888274,0,1.4294993
-0.08483976,0,1.4110347
-0.061777655,0,1.5257401
-0.06099853,0,1.5560131
-0.059907753,0,1.5504816
0.010057697,0,1.4931489
-0.04681845,0,1.6439718
-0.09060529,0,1.351997
-0.055388827,0,1.5652921
-0.0633359,0,1.5524261
0.02034215,0,1.3890148
-0.07486696,0,1.4843293
-0.06676406,0,1.5647306
-0.081099965,0,1.4929332
-0.05055825,0,1.5995489
0.010680998,0,1.471856
-0.06255678,0,1.5269889
-0.02406799,0,1.6599091
-0.06941308,0,1.5274336
-0.065517455,0,1.5753171
0.039820284,0,1.1892058
-0.07128298,0,1.5519512
-0.061777655,0,1.5937271
-0.074087836,0,1.5330838
-0.10462955,0,1.2113942
-0.017367514,0,1.65182
-0.06832231,0,1.528163
-0.0496233,0,1.6128707
-0.06723153,0,1.5493891
0.064440645,0,0.8031656
0.05509114,0,0.98778427
-0.04681845,0,1.6529441
-0.05367475,0,1.5986011
-0.08312569,0,1.4649634
-0.06847813,0,1.5360576
-0.072373755,0,1.5440341
-0.060531054,0,1.5929314
-0.023288865,0,1.6710663
-0.05180485,0,1.6523545
-0.017367514,0,1.6758431
0.044806685,0,1.0927515
-0.060531054,0,1.6886176
-0.0421437,0,1.6757513
-0.044481073,0,1.710866
-0.08328151,0,1.473164
-0.06863396,0,1.5958604
-0.050090775,0,1.6637679
-0.07751598,0,1.5342734
-0.08468394,0,1.4761518
-0.065673284,0,1.6270317
-0.06442668,0,1.6265894
-0.059596103,0,1.6973569
-0.061466005,0,1.6442196
0.03670378,0,1.1635867
-0.079074234,0,1.5178156
0.01971885,0,1.4198469
0.30269715,0,-9.124175
-0.06769901,0,1.5823463
-0.07330871,0,1.5338593
0.07659499,0,0.62706
-0.072373755,0,1.4765775
-0.080476664,0,1.4557577
0.21387687,0,-2.823386
-0.006771409,0,1.5385385
-0.08203491,0,1.3346559
0.023147002,0,1.3184842
-0.072529584,0,1.4292697
-0.071750455,0,1.4834334
0.25610545,0,-4.974084
-0.06286843,0,1.529431
-0.07471114,0,1.4113258
-0.08468394,0,1.3655078
-0.08951452,0,1.3253453
-0.06691988,0,1.4488182
-0.088112086,0,1.3269769
-0.013316061,0,1.547308
-0.08483976,0,1.3247762
-0.0508699,0,1.5255162
-0.08296986,0,1.3800702
-0.09060529,0,1.3240684
-0.08390481,0,1.457477
-0.0633359,0,1.56602
-0.08702131,0,1.3619624
-0.07393201,0,1.5114641
-0.08374899,0,1.3891145
-0.029833518,0,1.5589696
-0.07860676,0,1.45101
-0.05788203,0,1.6021802
-0.06910143,0,1.4715368
-0.09060529,0,1.3298031
-0.018302463,0,1.5228846
-0.06224513,0,1.4816755
-0.058505327,0,1.5523075
-0.055388827,0,1.5156226
-0.072217934,0,1.5118544
-0.041987874,0,1.6279464
-0.044169422,0,1.5956638
-0.06878978,0,1.5019499
-0.07580191,0,1.4673693
-0.039338846,0,1.5999662
-0.073152885,0,1.4759576
-0.07050386,0,1.5126767
-0.03357332,0,1.5646659
-0.07502279,0,1.4286861
-0.05367475,0,1.6602939
-0.08468394,0,1.4162
-0.06645241,0,1.5938708
-0.07954171,0,1.4947914
-0.0421437,0,1.6613649
-0.08312569,0,1.4305176
-0.073776186,0,1.5331109
0.18551672,0,-2.4233577
-0.05725873,0,1.5168204
-0.09076112,0,1.3548094
0.008811097,0,1.4746625
-0.07813928,0,1.4314692
-0.09231936,0,1.3177109
-0.06411503,0,1.4806322
-0.052583978,0,1.5744501
-0.09169607,0,1.3259068
-0.08670966,0,1.3882521
-0.030612642,0,1.6204451
-0.079385884,0,1.4375441
-0.06504998,0,1.4976232
-0.06645241,0,1.5190922
-0.08172326,0,1.4495811
-0.051649027,0,1.6875579
-0.07642521,0,1.5041682
-0.065829106,0,1.5485071
-0.07486696,0,1.5378088
-0.05803785,0,1.6209788
-0.07673686,0,1.4879733
-0.0627126,0,1.6298325
-0.09341014,0,1.3668411
-0.028275266,0,1.6426167
-0.080944136,0,1.5296996
-0.06411503,0,1.590625
-0.08172326,0,1.4897103
-0.055388827,0,1.6849761
-0.072373755,0,1.5623213
-0.07190628,0,1.5085377
-0.10042227,0,1.2628943
46.62528,1,-86997.5
-0.21807018,1,0.103315294
-0.21807018,1,0.2479291
-0.21807018,1,-0.095744245
-0.21807018,1,0.12123709
-0.08702131,0,0.74669397
32.979992,0,-1937.1086
-0.10805769,0,-0.73530865
-0.080632485,0,0.4004909
-0.09761742,0,0.82414925
-0.081099965,0,0.6115401
-0.07424366,0,-0.018232053
0.4440305,0,-0.8115239
-0.044013597,0,0.3062841
-0.09372179,0,0.3007036
-0.064582504,0,0.14715856
0.17569973,0,-1.4271313
-0.08406064,0,-0.6625251
-0.06006358,0,-0.91199523
0.17772546,0,-0.8029936
-0.10011062,0,0.33885375
-0.06832231,0,0.7293667
-0.062400956,0,0.4915882
-0.023912165,0,0.12070514
0.03109408,0,0.7367168
-0.064582504,0,0.681466
-0.103694595,0,0.48535866
-0.09029364,0,0.9704196
-0.06193348,0,0.39820805
-0.04292282,0,0.69439936
-0.0627126,0,0.5073235
-0.07112716,0,0.64353997
-0.07159463,0,0.6327854
-0.05663543,0,0.33502114
-0.06286843,0,-0.18834595
0.25891033,0,-0.28235695
-0.07533444,0,0.86220586
-0.03949467,0,-0.3662854
0.1853609,0,0.15044698
-0.07923006,0,0.006730375
-0.014406837,0,-0.48698887
-0.06972473,0,0.9114847
-0.072529584,0,-0.5251806
-0.06863396,0,-1.1533217
-0.0030316077,0,0.11265886
-0.07642521,0,-0.7222896
-0.07767181,0,1.1322668
-0.057414554,0,0.34996414
-0.08468394,0,1.1029344
0.058986764,0,0.42943594
-0.09122859,0,0.5206902
-0.013160236,0,0.43731728
-0.056167953,0,0.88344425
-0.03731312,0,-0.94520473
0.053377062,0,0.40815434
-0.041676223,0,0.93410677
-0.03824807,0,-0.59573835
-0.035599045,0,1.048327
-0.044325247,0,0.5014206
0.02034215,0,-1.1177067
-0.095903344,0,0.23696688
-0.08982617,0,0.35029614
-0.09200772,0,-0.29753995
-0.07034803,0,1.3405544
0.061947443,0,0.42331183
-0.08998199,0,0.34330946
-0.07642521,0,0.4845362
-0.055700477,0,0.44329852
-0.07595774,0,0.83446056
-0.0627126,0,-0.5813091
-0.06988056,0,0.5306462
-0.087177135,0,0.6851743
-0.052739803,0,-0.14208122
-0.072841235,0,-0.3070472
0.04745571,0,0.53874403
-0.071438804,0,0.8848946
-0.026717016,0,-1.2277434
-0.047909223,0,-0.28414547
-0.02188644,0,0.7992197
-0.06380338,0,-1.4443907
-0.038092244,0,0.8673706
-0.059128627,0,0.5614865
-0.03949467,0,-2.0431805
-0.021107314,0,-0.38086492
0.001331494,0,0.8806858
-0.03170342,0,-1.066763
-0.05725873,0,-0.30229485
-0.08561889,0,-0.20819506
-0.07813928,0,-0.45360187
-0.047753397,0,0.6062158
-0.057726204,0,0.8832869
-0.061154354,0,1.2601702
-0.034664094,0,0.77746147
-0.06193348,0,0.55420893
0.009278572,0,-0.7267041
-0.07330871,0,0.5596638
-0.028898567,0,0.85216075
-0.029989343,0,-0.0864668
-0.0627126,0,0.73583287
-0.09387761,0,0.5876925
-0.07128298,0,-0.88022536
-0.06224513,0,0.7351283
-0.060842704,0,-0.3337463
-0.09216354,0,-0.4155854
0.025640203,0,0.98179704
-0.05866115,0,1.4557419
-0.059596103,0,-1.3446618
-0.062089305,0,0.4635123
-0.053518925,0,0.92650914
0.019095551,0,-0.93467504
-0.06598493,0,1.3909098
-0.06099853,0,1.0319582
-0.05492135,0,0.121580884
-0.053518925,0,0.91077566
0.015823225,0,1.0656472
-0.06769901,0,0.28435573
-0.034975745,0,1.2691647
-0.05367475,0,-0.15446734
-0.065517455,0,-1.1639106
0.011927598,0,0.0035343282
-0.055856302,0,0.9174726
-0.051960677,0,0.6775916
-0.060531054,0,1.1560837
-0.056012128,0,0.7226874
-0.0010058819,0,0.56810606
-0.050714076,0,0.22478455
-0.021730615,0,1.5915735
-0.061777655,0,1.511456
-0.0583495,0,1.5183866
-0.07860676,0,1.3456541
-0.05492135,0,1.5146323
-0.04354612,0,1.4897859
-0.065361634,0,1.5794916
0.2637409,0,-6.3055105
-0.08515141,0,1.3821658
-0.0514932,0,1.5801237
-0.05725873,0,1.49615
-0.08842374,0,1.3384311
-0.07065968,0,1.4583262
-0.08172326,0,1.3728874
-0.065361634,0,1.5113996
-0.038092244,0,1.4992009
-0.05118155,0,1.5767279
-0.060531054,0,1.5817631
0.024081953,0,1.3425274
-0.05694708,0,1.6755208
-0.058505327,0,1.5898262
-0.08390481,0,1.4540111
-0.05725873,0,1.5908071
-0.045416024,0,1.6735016
-0.06302425,0,1.5432774
-0.06754318,0,1.5594249
-0.058972802,0,1.591574
-0.060842704,0,1.5349079
0.0200305,0,1.3948617
-0.06769901,0,1.5202272
-0.07502279,0,1.4923038
-0.07050386,0,1.5542009
-0.0633359,0,1.5973266
-0.05725873,0,1.6462817
-0.052272327,0,1.6868942
-0.028742742,0,1.6690655
-0.027963616,0,1.7059695
-0.06691988,0,1.5984911
-0.010355385,0,1.669552
-0.055700477,0,1.6468264
-0.05694708,0,1.6105411
-0.043701947,0,1.6327838
-0.040273797,0,1.6810188
-0.050090775,0,1.6799709
-0.065673284,0,1.5451567
-0.065361634,0,1.628767
-0.05866115,0,1.644934
-0.0633359,0,1.6667409
0.0139533235,0,1.487424
-0.06769901,0,1.6103257
-0.06738736,0,1.6007026
-0.06629658,0,1.5576506
-0.06629658,0,1.6117061
-0.0546097,0,1.6487838
-0.0496233,0,1.6738198
-0.072373755,0,1.5612788
-0.057414554,0,1.6742752
-0.08234656,0,1.4880918
0.0175373,0,1.4560313
-0.032015067,0,1.7357036
-0.055388827,0,1.660721
-0.073464535,0,1.5585212
-0.06707571,0,1.5904706
0.042469308,0,1.1366608
-0.043390296,0,1.7235675
-0.05694708,0,1.6357291
-0.06255678,0,1.645033
-0.0533631,0,1.654822
0.021900402,0,1.3912429
-0.0639592,0,1.5724475
-0.05788203,0,1.6397723
-0.065361634,0,1.579342
-0.09746159,0,1.3155324
0.015823225,0,1.4387898
-0.06504998,0,1.6280342
-0.09154024,0,1.398178
-0.06099853,0,1.633579
-0.018769938,0,1.6883717
0.008031972,0,1.539597
-0.07128298,0,1.5653718
0.18878904,0,-3.3912408
-0.07782763,0,1.4885274
-0.07626939,0,1.5243105
0.0734785,0,0.5982182
-0.06972473,0,1.5554787
-0.09870819,0,1.2833239
0.11056486,0,-0.23547968
-0.104006246,0,1.227933
-0.09808489,0,1.2900782
-0.033261668,0,1.5858216
-0.088579565,0,1.3659236
-0.060842704,0,1.5564163
-0.06162183,0,1.5656097
0.027198453,0,1.3165314
-0.07050386,0,1.5682774
-0.032950018,0,1.6253873
-0.041987874,0,1.6896095
-0.073152885,0,1.511383
0.060545016,0,0.8441593
-0.064894155,0,1.6069658
-0.08172326,0,1.4116803
-0.08468394,0,1.4331925
-0.080944136,0,1.4657644
-0.016900038,0,1.6204852
-0.07845093,0,1.5198166
-0.05055825,0,1.6798486
-0.07580191,0,1.5281719
-0.08250239,0,1.4664302
-0.0016291821,0,1.5537846
-0.07159463,0,1.5164465
-0.08187909,0,1.4431719
-0.056167953,0,1.6492492
-0.05055825,0,1.6148205
0.013330024,0,1.4732391
-0.09808489,0,1.2862695
-0.080944136,0,1.4772196
-0.073776186,0,1.5584611
-0.064582504,0,1.6047664
-0.09917567,0,1.286689
-0.0627126,0,1.5970961
-0.09403344,0,1.3213996
-0.065829106,0,1.6259505
-0.06224513,0,1.6387266
0.030938255,0,1.2952789
-0.051337376,0,1.6485577
-0.064582504,0,1.6154559
-0.05788203,0,1.6514815
-0.08468394,0,1.4622364
0.034989707,0,1.2451696
-0.08967034,0,1.4091272
-0.06364755,0,1.592771
-0.080632485,0,1.5021336
-0.07595774,0,1.541912
0.007876147,0,1.5297664
-0.061466005,0,1.677995
-0.058505327,0,1.63964
-0.07736016,0,1.5566171
-0.054142226,0,1.6982754
0.03670378,0,1.1962847
-0.09138442,0,1.3867341
-0.020795664,0,1.6922703
-0.07626939,0,1.5199641
-0.035599045,0,1.6837543
0.008031972,0,1.542392
0.06771297,0,0.6571245
-0.0496233,0,1.6542318
-0.018146638,0,1.6664274
0.094047405,0,0.16772552
-0.015497612,0,1.6328936
-0.06099853,0,1.6026565
-0.1049412,0,1.2161804
-0.06302425,0,1.5885867
-0.07689268,0,1.5031055
0.06895957,0,0.7277933
-0.09496839,0,1.3319472
-0.07486696,0,1.5039978
-0.04619515,0,1.6744374
-0.06068688,0,1.5978192
0.015511574,0,1.4521817
-0.00832966,0,1.5982803
-0.05492135,0,1.5973766
-0.06707571,0,1.5747712
0.006941196,0,1.5225043
-0.056791253,0,1.6206639
-0.027651967,0,1.6420915
-0.06302425,0,1.569743
-0.055700477,0,1.617493
-0.06193348,0,1.5720778
0.025016902,0,1.337111
-0.06302425,0,1.5998586
-0.08842374,0,1.363718
-0.07034803,0,1.5583596
-0.072685406,0,1.561339
-0.033105843,0,1.6935253
-0.07813928,0,1.4858433
-0.09855237,0,1.29444
-0.07845093,0,1.5087814
-0.0583495,0,1.6193734
-0.029210217,0,1.7343787
-0.0639592,0,1.5733802
-0.06863396,0,1.5579268
-0.064582504,0,1.5493674
-0.08655384,0,1.4243135
0.025796028,0,1.3566467
1.8777769,0,-229.80544
-0.06925726,0,1.3113195
-0.103227116,0,1.0629982
-0.05180485,0,1.2620226
0.00039654356,0,1.2211535
-0.028586917,0,1.2802864
-0.09185189,0,0.9761499
-0.07860676,0,1.1139548
-0.08624219,0,0.888568
-0.03513157,0,1.0577822
-0.064582504,0,1.0715169
-0.073464535,0,1.1192113
-0.06302425,0,1.303607
-0.07190628,0,1.0571362
-0.0471301,0,1.3213665
-0.056323778,0,1.3192619
-0.058972802,0,1.3492986
-0.055544652,0,1.2437173
-0.08624219,0,1.2779821
-0.020639839,0,1.553808
-0.06894561,0,1.2861085
-0.06598493,0,1.3429475
-0.09154024,0,1.1168987
-0.06956891,0,1.2269366
-0.0471301,0,1.4919318
-0.07813928,0,1.3791758
-0.038092244,0,1.2805351
-0.0539864,0,1.5129567
-0.05492135,0,1.227079
-0.02375634,0,1.3651919
-0.03544322,0,1.2360398
-0.060531054,0,1.4007196
-0.040585447,0,1.2969372
-0.09076112,0,1.091392
-0.007862184,0,1.0614423
-0.07190628,0,1.1765224
-0.04993495,0,1.4969099
-0.13314553,0,0.7788777
-0.04619515,0,1.5668627
0.032808155,0,1.1654775
-0.07876258,0,1.280107
27.822025,1,-22549.217
26.177448,1,-615.93866
26.219677,0,-5434.973
0.6363186,0,-2.653929
-0.080476664,0,0.7600396
-0.08406064,0,0.28669813
-0.006303934,0,0.046796754
-0.072373755,0,-0.28204226
-0.02250974,0,0.5508923
0.049481437,0,0.019716166
-0.09294266,0,0.037246183
-0.1161606,0,-0.08696173
-0.07050386,0,-0.15192433
0.10402021,0,-0.45991272
-0.09107277,0,0.3932857
-0.07362036,0,1.1198639
0.16744101,0,-0.030869469
-0.072997056,0,0.8379616
-0.06941308,0,1.3210917
0.070985295,0,0.7330297
-0.06754318,0,0.79202986
-0.064894155,0,0.27855468
-0.064270854,0,0.7142395
-0.025470415,0,1.1449265
-0.072529584,0,1.0512917
0.001331494,0,0.816048
-0.047285926,0,0.799029
-0.021730615,0,0.9288552
-0.06738736,0,0.46420994
0.12988716,0,0.5740902
-0.124107674,0,0.55024207
-0.059128627,0,1.2178168
-0.07065968,0,0.5090614
-0.1199004,0,0.43530923
-0.06691988,0,0.054469746
-0.07159463,0,0.47826564
-0.08499559,0,-0.17682184
-0.059751928,0,0.004279611
-0.07767181,0,-0.80296373
-0.032638367,0,-0.56575096
-0.04931165,0,0.032563087
-0.027651967,0,-0.38484317
-0.06442668,0,-0.85262954
-0.06364755,0,0.17122653
0.14593714,0,-0.5373772
-0.073152885,0,-0.943488
-0.07720433,0,0.3551489
-0.06286843,0,-0.043807533
-0.07923006,0,0.30013174
0.03296398,0,0.23913047
-0.09886402,0,1.3439791
-0.06162183,0,0.7366001
-0.07393201,0,0.31711143
-0.07736016,0,0.16355218
-0.06847813,0,-0.072744735
-0.08842374,0,-0.006185406
-0.08437229,0,0.6670819
-0.06380338,0,1.260962
-0.10914847,0,0.7143579
0.03171738,0,0.5153569
-0.08156744,0,0.23435132
-0.08561889,0,-0.06985401
-0.08499559,0,-0.037546877
-0.06769901,0,1.0103533
-0.07626939,0,0.9404589
-0.08935869,0,1.0071837
-0.09278684,0,1.0630441
-0.04744175,0,-0.19358595
-0.06816648,0,0.5242755
-0.06660823,0,0.574404
-0.07034803,0,0.8849837
-0.08577471,0,-0.5365495
-0.07876258,0,0.029970398
-0.06925726,0,0.3606968
0.035613008,0,0.58025986
-0.06941308,0,0.9673017
-0.052116502,0,0.3742571
-0.07564609,0,0.14530128
0.117265336,0,0.13846727
-0.058972802,0,0.065885834
-0.06504998,0,0.22540809
-0.0496233,0,0.6110437
-0.023288865,0,0.7233216
-0.052272327,0,1.074005
-0.080009185,0,0.7048541
-0.059284452,0,0.6143165
-0.0077063595,0,0.1088607
-0.06349173,0,0.69434136
-0.07736016,0,0.37961137
0.011460123,0,0.9532064
-0.06442668,0,0.8996989
-0.058972802,0,0.8812368
-0.087800436,0,0.7874249
-0.074087836,0,0.6672248
-0.07065968,0,0.7663978
-0.060531054,0,0.3258661
-0.07954171,0,0.20026058
-0.06411503,0,-0.40231264
-0.088579565,0,0.7883171
0.014109149,0,1.0036739
-0.088112086,0,0.3100299
-0.06411503,0,0.88542795
-0.09263101,0,0.29283077
-0.06037523,0,-0.3759973
-0.048532523,0,-0.24276552
-0.06816648,0,0.22289968
-0.081099965,0,0.96646374
-0.06972473,0,0.76936466
-0.059128627,0,1.0147538
-0.07736016,0,0.93531424
-0.117251374,0,0.7962245
-0.073152885,0,0.6385204
-0.06380338,0,0.4326545
-0.08156744,0,0.10951266
0.15201433,0,0.065877505
-0.07595774,0,0.74957305
0.24332781,0,-0.14318211
0.05213046,0,0.5038134
-0.04292282,0,0.50334436
0.026575154,0,0.32318872
-0.05866115,0,0.123527855
-0.058816977,0,0.267023
-0.07003638,0,1.3370641
-0.09122859,0,1.3515583
0.032808155,0,1.2419583
-0.06676406,0,1.5045872
0.123186685,0,-0.46701986
-0.06691988,0,1.5572371
-0.059284452,0,1.5505795
-0.09044947,0,1.3742245
-0.028119441,0,1.6624283
-0.08593054,0,1.4093474
-0.06364755,0,1.5585933
-0.072685406,0,1.5188644
0.048858136,0,1.0864391
-0.09231936,0,1.3824987
-0.035287395,0,1.7030082
-0.08873539,0,1.4317286
-0.072997056,0,1.5606349
0.030938255,0,1.2933936
-0.06255678,0,1.6364821
-0.065829106,0,1.6545488
-0.0471301,0,1.6619004
-0.055700477,0,1.7111603
0.028289229,0,1.3286469
-0.06801066,0,1.6127672
-0.060219403,0,1.5994561
-0.0458835,0,1.6593211
-0.02188644,0,1.6645269
-0.06068688,0,1.619626
-0.06162183,0,1.5862131
-0.07580191,0,1.5271425
-0.073776186,0,1.5841191
-0.061777655,0,1.6288918
0.030003304,0,1.2770767
-0.089202866,0,1.4579777
-0.06738736,0,1.6063402
-0.11382322,0,1.0909258
-0.06162183,0,1.6338499
-0.07471114,0,1.599379
-0.06068688,0,1.6009911
-0.07549026,0,1.5128292
-0.072373755,0,1.5563561
-0.06660823,0,1.5880158
0.03592466,0,1.2043884
-0.06598493,0,1.6695138
-0.06193348,0,1.675973
-0.06629658,0,1.6619099
-0.06925726,0,1.617894
-0.065361634,0,1.6640542
-0.06801066,0,1.613494
-0.030456819,0,1.6996812
-0.06691988,0,1.6297544
-0.066140756,0,1.6232669
0.05213046,0,0.99088764
-0.06131018,0,1.6499093
-0.07190628,0,1.5511146
-0.07798346,0,1.5181085
-0.07330871,0,1.5432868
-0.09387761,0,1.3199846
-0.07782763,0,1.4878914
-0.06754318,0,1.5866077
-0.07704851,0,1.5747797
-0.08951452,0,1.4178679
0.01971885,0,1.4248652
-0.1223936,0,0.96717757
-0.0502466,0,1.6829833
-0.030612642,0,1.7091447
-0.06442668,0,1.6086259
-0.08203491,0,1.4877317
0.012083423,0,1.4894443
-0.072841235,0,1.5583818
-0.06769901,0,1.6523784
-0.07767181,0,1.5512346
0.014109149,0,1.49293
-0.06473833,0,1.6395464
-0.06676406,0,1.5930427
-0.072217934,0,1.5840565
-0.0627126,0,1.5942341
0.116797864,0,-0.5471211
-0.065829106,0,1.5745142
-0.008018009,0,1.581261
-0.06442668,0,1.5976205
-0.046974275,0,1.7161335
0.015199924,0,1.444883
0.048234835,0,1.0237712
-0.034664094,0,1.6917799
-0.026872842,0,1.631782
0.038262032,0,1.1911108
0.038885333,0,1.1658821
0.006473721,0,1.4819516
0.11352553,0,-0.22682445
-0.02437964,0,1.6646966
-0.0458835,0,1.6496559
0.1263032,0,-0.50380063
-0.0583495,0,1.5923225
-0.05788203,0,1.5217209
-0.06691988,0,1.4838655
-0.052116502,0,1.5168074
0.019563025,0,1.3359386
-0.059751928,0,1.4652277
-0.06925726,0,1.4537666
-0.055544652,0,1.524683
-0.06754318,0,1.5431792
0.013174199,0,1.4338862
-0.06691988,0,1.5300332
-0.07065968,0,1.5464453
-0.07097133,0,1.4589051
-0.032638367,0,1.6209033
0.026263503,0,1.3105675
-0.06910143,0,1.5363396
-0.06754318,0,1.4370619
-0.06006358,0,1.5617354
-0.060531054,0,1.5220685
0.045118336,0,1.1294346
-0.07112716,0,1.4720348
-0.08343734,0,1.4020256
-0.057414554,0,1.579868
-0.09263101,0,1.3400693
0.020186326,0,1.4034199
-0.06598493,0,1.5831524
-0.03357332,0,1.6619928
-0.08951452,0,1.4151329
-0.065361634,0,1.5437571
0.01847225,0,1.4273548
-0.07330871,0,1.4552194
-0.06442668,0,1.5689381
-0.079385884,0,1.4827995
-0.056012128,0,1.6020895
0.01784895,0,1.4286373
-0.007394709,0,1.637169
-0.074399486,0,1.5228555
-0.07891841,0,1.497197
-0.08390481,0,1.4618633
0.03296398,0,1.2726271
-0.06723153,0,1.5283929
-0.0633359,0,1.5751486
-0.088891216,0,1.3893259
-0.065361634,0,1.5471581
-0.041520398,0,1.6385211
-0.072841235,0,1.5184816
-0.051649027,0,1.6154838
-0.081411615,0,1.4760432
-0.10120139,0,1.2519659
0.05275376,0,0.98866373
-0.029677693,0,1.6748084
-0.06380338,0,1.5838219
-0.080788314,0,1.4503024
-0.060531054,0,1.6134893
0.020809626,0,1.4131271
-0.057726204,0,1.6280646
-0.08234656,0,1.4343787
0.15139103,0,-1.438987
-0.0496233,0,1.6208571
0.0175373,0,1.4000221
0.109162435,0,-0.021327116
-0.080476664,0,1.4201078
-0.05694708,0,1.566071
0.05166299,0,1.0121462
-0.0034990828,0,1.5330753
-0.06473833,0,1.4777422
1.303094,0,-84.105125
-0.08187909,0,1.2629888
-0.088891216,0,1.0981331
0.13861337,0,0.02080429
-0.07112716,0,1.2079774
-0.044481073,0,1.2610768
-0.079697534,0,1.0150936
-0.05055825,0,1.2188634
-0.007862184,0,1.015731
-0.06224513,0,1.0213888
-0.053830575,0,1.0901835
-0.045104373,0,1.2002146
-0.07517861,0,1.2278314
0.025328552,0,1.055143
-0.06816648,0,1.2347363
-0.065361634,0,1.3036011
-0.058816977,0,1.3535225
0.025016902,0,1.088275
0.024237778,0,1.2449495
-0.061154354,0,1.4134915
-0.056791253,0,1.2190969
-0.03731312,0,1.3685889
-0.054765526,0,1.2445402
-0.0024083075,0,1.240686
-0.062400956,0,1.3185532
-0.05803785,0,1.344347
-0.057102904,0,1.2037863
-0.064894155,0,1.3383056
-0.041208748,0,1.1842804
-0.07034803,0,1.2551222
-0.06349173,0,1.1514606
-0.012848586,0,1.3295075
-0.028742742,0,1.2819266
-0.012848586,0,1.2083288
-0.020172363,0,1.1727418
-0.062400956,0,1.1209011
-0.07362036,0,1.2685827
-0.059284452,0,1.0993754
-0.027496142,0,1.4283494
-0.062089305,0,1.2262813
-0.046039324,0,1.3248285
-0.059128627,0,1.3078696
-0.07502279,0,1.2366318
0.0903076,0,0.5727373
-0.06691988,0,1.124161
-0.059907753,0,1.3328362
-0.06785483,0,1.2032408
-0.058193676,0,1.1960964
-7.0931594e-05,0,1.3011161
-0.052428152,0,1.3441129
-0.07813928,0,1.2302378
-0.059128627,0,1.354235
0.0050712954,0,1.3326801
-0.019860715,0,1.3140318
0.013641673,0,1.2631032
-0.050714076,0,1.2914976
-0.015341788,0,1.3423158
-0.05429805,0,1.3813474
-0.028898567,0,1.4043676
-0.06894561,0,1.2846321
-0.055388827,0,1.3102604
-0.059284452,0,1.2573617
-0.08187909,0,1.1679362
-0.027340317,0,1.2944038
-0.040429622,0,1.3808564
-0.08982617,0,1.190021
-0.0056806337,0,1.1981268
0.10308526,0,0.3603418
-0.039650496,0,1.3640615
-0.054142226,0,1.2863078
56.66602,1,-124542.086
68.27452,1,-311.91122
48.662846,1,-1333.366
31.400549,0,-1004.11676
0.06490812,0,0.7427273
-0.06645241,0,0.1979747
-0.08546306,0,-0.6638997
-0.056012128,0,-0.27900922
-0.034352444,0,-0.64118326
-0.08639801,0,0.84197426
0.11586291,0,-0.6088901
-0.06255678,0,-1.60362
-0.103382945,0,-0.70603186
-0.065361634,0,-1.3391905
0.05275376,0,-0.0865426
-0.096526645,0,1.5402352
-0.08452811,0,0.69345814
-0.025158767,0,1.0267274
-0.09434509,0,1.5999666
0.0027339195,0,1.0953101
-0.02001654,0,1.1144525
-0.06707571,0,0.7558265
-0.010978686,0,0.7237173
-0.045104373,0,1.3560154
-0.10712275,0,1.0496153
-0.07689268,0,1.0196538
-0.09387761,0,0.7287415
-0.06598493,0,1.0306933
-0.07502279,0,1.0476861
-0.06707571,0,0.9878904
0.19533369,0,-0.56196463
-0.08296986,0,1.3839427
-0.072062105,0,0.5419405
0.055870265,0,0.8258004
-0.052583978,0,0.15264261
-0.08499559,0,-0.19952805
-0.04557185,0,-0.6438765
0.16759683,0,-0.48833352
-0.012381111,0,-1.3012217
0.057584338,0,-1.3915063
0.11586291,0,-1.729346
-0.065205805,0,-1.0551254
-0.04229952,0,-0.8397737
-0.055388827,0,-1.7088029
-0.066140756,0,-1.2625736
-0.06863396,0,-1.5004126
-0.061466005,0,-0.7295053
-0.030145168,0,0.47528797
-0.08219074,0,-0.032276247
0.057584338,0,-0.7225872
-0.06988056,0,1.1666129
-0.008018009,0,1.0116587
-0.07455531,0,1.0737889
-0.03824807,0,0.1042419
0.013330024,0,-0.35255978
-0.07549026,0,-0.22433013
-0.09356596,0,1.0410408
-0.07502279,0,1.677283
-0.061777655,0,1.6759334
0.009746047,0,0.77982754
-0.0633359,0,0.81338745
0.025640203,0,0.3059604
-0.06878978,0,-0.2066388
-0.05663543,0,0.88551736
0.0066295457,0,0.09516511
-0.09216354,0,1.1510363
-0.066140756,0,1.8678108
-0.059751928,0,-0.66820633
-0.05866115,0,0.0109728025
0.028600879,0,0.40811855
-0.052895624,0,0.8399314
-0.06193348,0,-0.9020021
-0.06894561,0,-0.5037386
-0.057726204,0,0.24453844
-0.074087836,0,0.6147027
-0.056791253,0,1.052422
-0.06504998,0,0.93544626
-0.072529584,0,0.4099003
-0.06956891,0,0.12335537
0.022056226,0,1.1144003
-0.060531054,0,0.7928068
-0.06941308,0,0.8796054
-0.060842704,0,0.63502514
-0.05866115,0,0.9859203
0.034678057,0,0.6518222
-0.059751928,0,0.7769953
-0.05803785,0,-1.4532919
-0.07159463,0,-0.6939565
-0.07003638,0,-0.7899082
-0.06847813,0,1.7313378
-0.058816977,0,1.4292444
-0.06769901,0,1.1367701
-0.06878978,0,1.0816603
-0.064582504,0,1.0012505
0.036080483,0,0.83343065
-0.02562624,0,-0.08475289
-0.07097133,0,-1.2357222
-0.045416024,0,-1.4079481
-0.032326717,0,0.6410821
-0.0633359,0,-0.7784397
-0.056791253,0,0.112228535
-0.066140756,0,-0.45737663
-0.0546097,0,-1.0386746
-0.06006358,0,-1.0503064
0.013330024,0,0.020782271
-0.072997056,0,-0.45649186
0.008031972,0,-0.30609962
-0.041052923,0,1.4426612
-0.05367475,0,1.2800756
-0.06785483,0,1.7386242
-0.061777655,0,1.4915507
-0.07081551,0,0.89301914
-0.06676406,0,-0.21034743
-0.07673686,0,-0.72770226
0.035457183,0,0.039749715
-0.07517861,0,0.24364096
-0.039338846,0,0.81720036
-0.04354612,0,0.68919325
-0.058505327,0,0.6755708
-0.073464535,0,0.6169246
-0.07533444,0,0.11965155
-0.07658103,0,0.053843122
-0.058972802,0,0.24276204
-0.072685406,0,1.434142
0.047299884,0,1.0752896
-0.06847813,0,1.5285672
-0.0633359,0,1.6038878
-0.056167953,0,1.6177664
-0.044636898,0,1.6669998
0.07581587,0,0.50589436
-0.06941308,0,1.543539
-0.06504998,0,1.517664
-0.06816648,0,1.5358098
-0.12628923,0,0.9103778
0.038729507,0,1.1957496
-0.09278684,0,1.3420177
-0.11351157,0,1.1178949
-0.08608636,0,1.4316103
-0.037001472,0,1.6456804
-0.08655384,0,1.4149395
-0.055388827,0,1.6062236
-0.032482542,0,1.6421663
-0.028586917,0,1.6330918
-0.06504998,0,1.5280825
0.052286286,0,0.9998923
-0.059440278,0,1.5800315
-0.056012128,0,1.6201382
-0.06754318,0,1.5632194
-0.072997056,0,1.5239813
0.042936783,0,1.1407901
-0.059440278,0,1.5889149
-0.05788203,0,1.5596535
-0.07611356,0,1.4565896
-0.04354612,0,1.6678238
0.051507164,0,1.0421429
-0.044948548,0,1.6094474
-0.059907753,0,1.5791439
-0.052116502,0,1.62799
-0.030612642,0,1.6777474
0.04091106,0,1.1551976
-0.081411615,0,1.4821465
-0.060842704,0,1.6220927
-0.09154024,0,1.3774738
-0.05429805,0,1.6651988
0.04620911,0,1.091812
-0.07065968,0,1.5901767
-0.03544322,0,1.6329823
-0.051649027,0,1.6744747
-0.088579565,0,1.4201455
0.09669643,0,-0.058978796
-0.064894155,0,1.6182817
-0.06411503,0,1.6326547
-0.038715545,0,1.7032763
-0.04261117,0,1.7099942
0.046988234,0,1.0616369
-0.047597572,0,1.6419334
-0.035287395,0,1.6564708
-0.06801066,0,1.5794888
-0.06598493,0,1.5558176
0.0200305,0,1.4091691
-0.058816977,0,1.6498878
-0.061154354,0,1.6027741
-0.048844174,0,1.6998008
-0.06504998,0,1.6260803
0.023458652,0,1.379269
-0.04681845,0,1.6607043
-0.06099853,0,1.6001018
-0.06941308,0,1.5755167
-0.059128627,0,1.6061887
0.035301358,0,1.2436746
-0.05663543,0,1.6298445
-0.037157293,0,1.6560202
-0.03139177,0,1.7099255
-0.072062105,0,1.5815163
-0.06863396,0,1.6055243
-0.06131018,0,1.6136143
-0.096059166,0,1.3176774
-0.056479603,0,1.6411592
-0.06629658,0,1.5821006
-0.061466005,0,1.6032796
-0.087332964,0,1.4306597
-0.07393201,0,1.5319351
-0.080320835,0,1.5250552
-0.06162183,0,1.6354743
-0.059596103,0,1.6665114
-0.08250239,0,1.500355
-0.040273797,0,1.6912545
-0.06162183,0,1.6741692
-0.087488785,0,1.4321976
0.04963726,0,1.0473535
-0.07798346,0,1.5254301
-0.052583978,0,1.657337
-0.06769901,0,1.601774
0.004759645,0,1.5431391
-0.03185924,0,1.6973808
-0.06504998,0,1.585212
-0.04868835,0,1.6813842
-0.015965087,0,1.650637
-0.073152885,0,1.5321487
0.020186326,0,1.4057622
0.012239248,0,1.4891475
-0.055388827,0,1.6373874
-0.011757811,0,1.6344476
-0.052583978,0,1.618636
0.024549427,0,1.3647029
-0.071438804,0,1.5195583
0.0061620707,0,1.481974
-0.065205805,0,1.599768
-0.062089305,0,1.5879197
0.019251376,0,1.4099164
-0.072217934,0,1.5227051
-0.032950018,0,1.6286644
-0.05694708,0,1.62125
-0.062089305,0,1.6051346
0.078153245,0,0.51588696
-0.06598493,0,1.5209521
-0.06832231,0,1.5755395
-0.07393201,0,1.518352
-0.06629658,0,1.6006311
0.014732448,0,1.4555292
-0.06676406,0,1.5707145
-0.06286843,0,1.5656083
-0.06660823,0,1.5567287
-0.052428152,0,1.5996393
0.0028897445,0,1.5507239
-0.06910143,0,1.5657419
-0.056323778,0,1.5674723
-0.062400956,0,1.581093
-0.06131018,0,1.6094004
0.016913999,0,1.4344852
-0.07923006,0,1.4968706
-0.073776186,0,1.5391272
-0.08359316,0,1.4576843
-0.051649027,0,1.6519753
0.022679526,0,1.3727509
-0.095747516,0,1.3322438
-0.004745683,0,1.5550733
-0.07471114,0,1.5048343
-0.055233,0,1.6578029
0.025328552,0,1.3414522
-0.073464535,0,1.5015246
0.024393603,0,1.3340847
-0.024691291,0,1.6531916
-0.052739803,0,1.6135348
-0.022665564,0,1.6240721
-0.07486696,0,1.5162158
-0.057414554,0,1.5746055
-0.09777324,0,1.2830442
-0.07159463,0,1.5326487
-0.013160236,0,1.6188784
-0.03606652,0,1.62619
-0.059907753,0,1.5851908
0.10292943,0,0.014204804
0.13222454,0,-0.74077886
0.09108673,0,0.3366977
0.13596435,0,-0.5446453
0.04402756,0,1.1401374
0.33604375,0,-8.009761
-0.0496233,0,1.469149
0.27044135,1,-4.1810803
0.11368136,1,0.23063985
0.34539324,1,-5.45715
-0.08577471,0,1.1727575
-0.06691988,0,1.2357379
0.035145532,0,1.1339873
-0.06504998,0,1.2622098
-0.065361634,0,1.210481
0.058051813,0,0.90951145
-0.07190628,0,1.223907
-0.01970489,0,1.2765424
-0.05694708,0,1.2081133
-0.0639592,0,1.3063743
-0.04744175,0,1.3558875
-0.006615584,0,1.3676443
-0.019549064,0,1.3873323
-0.07330871,0,1.3546027
-0.079074234,0,1.335011
-0.057102904,0,1.4576641
-0.059128627,0,1.422424
-0.032794192,0,1.5675567
-0.064582504,0,1.4396226
-0.06318008,0,1.4327832
-0.04557185,0,1.4485822
-0.064270854,0,1.3711077
0.0734785,0,0.79158044
-0.031235943,0,1.4727132
-0.021418964,0,1.428056
0.047611535,0,1.061282
-0.0465068,0,1.4447131
-0.02219809,0,1.3617132
0.13643181,0,-0.001777128
0.017693125,0,1.2392454
-0.04323447,0,1.383882
-0.06972473,0,1.297952
-0.022042265,0,1.2770282
-0.061154354,0,1.3504602
-0.05305145,0,1.2698063
-0.042455345,0,1.4168112
-0.06302425,0,1.2997214
-0.02282139,0,1.3876258
-0.045727674,0,1.3661397
-0.059751928,0,1.2967899
-0.008485485,0,1.3796383
-0.0546097,0,1.3456538
-0.05725873,0,1.3274562
0.043560084,0,1.0741384
-0.07019221,0,1.2803446
-0.064582504,0,1.2869871
-0.07923006,0,1.2168605
0.012862548,0,1.3221686
-0.07019221,0,1.3084993
-0.059751928,0,1.3517238
-0.06068688,0,1.3491379
-0.045416024,0,1.3816122
0.16697353,0,-0.58493304
-0.055233,0,1.3123345
